<?xml version="1.0" encoding="UTF-8"?>
<model package="slotmachine" baseClass="xPDOObject" platform="mysql" defaultEngine="MyISAM" phpdoc-package="slotmachine"
       version="1.1">

    <object class="SlotmachineItem" table="slotmachine_items" extends="xPDOSimpleObject">
        <field key="name" dbtype="varchar" precision="250" phptype="string" null="false" default=""/>
        <field key="image" dbtype="varchar" precision="250" phptype="string" null="true" default="" />
        <field key="chance" dbtype="int" precision="10" phptype="integer" null="false" default="0" />
        <field key="active" dbtype="tinyint" precision="1" phptype="boolean" null="true" default="1"/>

        <index alias="name" name="name" primary="false" unique="false" type="BTREE">
            <column key="name" length="" collation="A" null="false"/>
        </index>
        <index alias="active" name="active" primary="false" unique="false" type="BTREE">
            <column key="active" length="" collation="A" null="false"/>
        </index>
    </object>

</model>